"Region Name","Country Name","suicides","Sex","Year","AgeGroup"
"Asia","South Korea",0,"Female",1985,"0-9 years"
"Asia","South Korea",0,"Female",1985,"0-9 years"
"Asia","South Korea",0,"Female",1985,"0-9 years"
"Asia","South Korea",0,"Male",1985,"0-9 years"
"Asia","South Korea",0,"Male",1985,"0-9 years"
"Asia","South Korea",0,"Male",1985,"0-9 years"
"Asia","South Korea",0,"Female",1986,"0-9 years"
"Asia","South Korea",0,"Female",1986,"0-9 years"
"Asia","South Korea",0,"Female",1986,"0-9 years"
"Asia","South Korea",0,"Male",1986,"0-9 years"
"Asia","South Korea",0,"Male",1986,"0-9 years"
"Asia","South Korea",0,"Male",1986,"0-9 years"
"Asia","South Korea",0,"Female",1987,"0-9 years"
"Asia","South Korea",0,"Female",1987,"0-9 years"
"Asia","South Korea",0,"Female",1987,"0-9 years"
"Asia","South Korea",0,"Male",1987,"0-9 years"
"Asia","South Korea",0,"Male",1987,"0-9 years"
"Asia","South Korea",0,"Male",1987,"0-9 years"
"Asia","South Korea",0,"Female",1988,"0-9 years"
"Asia","South Korea",0,"Female",1988,"0-9 years"
"Asia","South Korea",0,"Female",1988,"0-9 years"
"Asia","South Korea",0,"Male",1988,"0-9 years"
"Asia","South Korea",0,"Male",1988,"0-9 years"
"Asia","South Korea",0,"Male",1988,"0-9 years"
"Asia","South Korea",0,"Female",1989,"0-9 years"
"Asia","South Korea",0,"Female",1989,"0-9 years"
"Asia","South Korea",0,"Female",1989,"0-9 years"
"Asia","South Korea",0,"Male",1989,"0-9 years"
"Asia","South Korea",0,"Male",1989,"0-9 years"
"Asia","South Korea",0,"Male",1989,"0-9 years"
"Asia","South Korea",0,"Female",1990,"0-9 years"
"Asia","South Korea",0,"Female",1990,"0-9 years"
"Asia","South Korea",0,"Female",1990,"0-9 years"
"Asia","South Korea",0,"Male",1990,"0-9 years"
"Asia","South Korea",0,"Male",1990,"0-9 years"
"Asia","South Korea",0,"Male",1990,"0-9 years"
"Asia","South Korea",0,"Female",1991,"0-9 years"
"Asia","South Korea",0,"Female",1991,"0-9 years"
"Asia","South Korea",0,"Female",1991,"0-9 years"
"Asia","South Korea",0,"Male",1991,"0-9 years"
"Asia","South Korea",0,"Male",1991,"0-9 years"
"Asia","South Korea",0,"Male",1991,"0-9 years"
"Asia","South Korea",0,"Female",1992,"0-9 years"
"Asia","South Korea",0,"Female",1992,"0-9 years"
"Asia","South Korea",1,"Female",1992,"0-9 years"
"Asia","South Korea",0,"Male",1992,"0-9 years"
"Asia","South Korea",0,"Male",1992,"0-9 years"
"Asia","South Korea",1,"Male",1992,"0-9 years"
"Asia","South Korea",0,"Female",1993,"0-9 years"
"Asia","South Korea",0,"Female",1993,"0-9 years"
"Asia","South Korea",2,"Female",1993,"0-9 years"
"Asia","South Korea",0,"Male",1993,"0-9 years"
"Asia","South Korea",0,"Male",1993,"0-9 years"
"Asia","South Korea",4,"Male",1993,"0-9 years"
"Asia","South Korea",0,"Female",1994,"0-9 years"
"Asia","South Korea",0,"Female",1994,"0-9 years"
"Asia","South Korea",1,"Female",1994,"0-9 years"
"Asia","South Korea",0,"Male",1994,"0-9 years"
"Asia","South Korea",0,"Male",1994,"0-9 years"
"Asia","South Korea",2,"Male",1994,"0-9 years"
"Asia","South Korea",0,"Female",1995,"0-9 years"
"Asia","South Korea",0,"Female",1995,"0-9 years"
"Asia","South Korea",0,"Female",1995,"0-9 years"
"Asia","South Korea",0,"Male",1995,"0-9 years"
"Asia","South Korea",0,"Male",1995,"0-9 years"
"Asia","South Korea",1,"Male",1995,"0-9 years"
"Asia","South Korea",0,"Female",1996,"0-9 years"
"Asia","South Korea",0,"Female",1996,"0-9 years"
"Asia","South Korea",1,"Female",1996,"0-9 years"
"Asia","South Korea",0,"Male",1996,"0-9 years"
"Asia","South Korea",0,"Male",1996,"0-9 years"
"Asia","South Korea",0,"Male",1996,"0-9 years"
"Asia","South Korea",0,"Female",1997,"0-9 years"
"Asia","South Korea",0,"Female",1997,"0-9 years"
"Asia","South Korea",3,"Female",1997,"0-9 years"
"Asia","South Korea",0,"Male",1997,"0-9 years"
"Asia","South Korea",0,"Male",1997,"0-9 years"
"Asia","South Korea",3,"Male",1997,"0-9 years"
"Asia","South Korea",0,"Female",1998,"0-9 years"
"Asia","South Korea",0,"Female",1998,"0-9 years"
"Asia","South Korea",3,"Female",1998,"0-9 years"
"Asia","South Korea",0,"Male",1998,"0-9 years"
"Asia","South Korea",0,"Male",1998,"0-9 years"
"Asia","South Korea",4,"Male",1998,"0-9 years"
"Asia","South Korea",0,"Female",1999,"0-9 years"
"Asia","South Korea",0,"Female",1999,"0-9 years"
"Asia","South Korea",4,"Female",1999,"0-9 years"
"Asia","South Korea",0,"Male",1999,"0-9 years"
"Asia","South Korea",0,"Male",1999,"0-9 years"
"Asia","South Korea",3,"Male",1999,"0-9 years"
"Asia","South Korea",0,"Female",2000,"0-9 years"
"Asia","South Korea",0,"Female",2000,"0-9 years"
"Asia","South Korea",2,"Female",2000,"0-9 years"
"Asia","South Korea",0,"Male",2000,"0-9 years"
"Asia","South Korea",0,"Male",2000,"0-9 years"
"Asia","South Korea",5,"Male",2000,"0-9 years"
"Asia","South Korea",0,"Female",2001,"0-9 years"
"Asia","South Korea",0,"Female",2001,"0-9 years"
"Asia","South Korea",2,"Female",2001,"0-9 years"
"Asia","South Korea",0,"Male",2001,"0-9 years"
"Asia","South Korea",0,"Male",2001,"0-9 years"
"Asia","South Korea",2,"Male",2001,"0-9 years"
"Asia","South Korea",0,"Female",2002,"0-9 years"
"Asia","South Korea",0,"Female",2002,"0-9 years"
"Asia","South Korea",0,"Female",2002,"0-9 years"
"Asia","South Korea",0,"Male",2002,"0-9 years"
"Asia","South Korea",0,"Male",2002,"0-9 years"
"Asia","South Korea",0,"Male",2002,"0-9 years"
"Asia","South Korea",0,"Female",2003,"0-9 years"
"Asia","South Korea",0,"Female",2003,"0-9 years"
"Asia","South Korea",1,"Female",2003,"0-9 years"
"Asia","South Korea",0,"Male",2003,"0-9 years"
"Asia","South Korea",0,"Male",2003,"0-9 years"
"Asia","South Korea",0,"Male",2003,"0-9 years"
"Asia","South Korea",0,"Female",2004,"0-9 years"
"Asia","South Korea",0,"Female",2004,"0-9 years"
"Asia","South Korea",0,"Female",2004,"0-9 years"
"Asia","South Korea",0,"Male",2004,"0-9 years"
"Asia","South Korea",0,"Male",2004,"0-9 years"
"Asia","South Korea",1,"Male",2004,"0-9 years"
"Asia","South Korea",0,"Female",2005,"0-9 years"
"Asia","South Korea",0,"Female",2005,"0-9 years"
"Asia","South Korea",0,"Female",2005,"0-9 years"
"Asia","South Korea",0,"Male",2005,"0-9 years"
"Asia","South Korea",0,"Male",2005,"0-9 years"
"Asia","South Korea",1,"Male",2005,"0-9 years"
"Asia","South Korea",0,"Female",2006,"0-9 years"
"Asia","South Korea",0,"Female",2006,"0-9 years"
"Asia","South Korea",0,"Female",2006,"0-9 years"
"Asia","South Korea",0,"Male",2006,"0-9 years"
"Asia","South Korea",0,"Male",2006,"0-9 years"
"Asia","South Korea",1,"Male",2006,"0-9 years"
"Asia","South Korea",0,"Female",2007,"0-9 years"
"Asia","South Korea",0,"Female",2007,"0-9 years"
"Asia","South Korea",1,"Female",2007,"0-9 years"
"Asia","South Korea",0,"Male",2007,"0-9 years"
"Asia","South Korea",0,"Male",2007,"0-9 years"
"Asia","South Korea",0,"Male",2007,"0-9 years"
"Asia","South Korea",0,"Female",2008,"0-9 years"
"Asia","South Korea",0,"Female",2008,"0-9 years"
"Asia","South Korea",0,"Female",2008,"0-9 years"
"Asia","South Korea",0,"Male",2008,"0-9 years"
"Asia","South Korea",0,"Male",2008,"0-9 years"
"Asia","South Korea",1,"Male",2008,"0-9 years"
"Asia","South Korea",0,"Female",2009,"0-9 years"
"Asia","South Korea",0,"Female",2009,"0-9 years"
"Asia","South Korea",1,"Female",2009,"0-9 years"
"Asia","South Korea",0,"Male",2009,"0-9 years"
"Asia","South Korea",0,"Male",2009,"0-9 years"
"Asia","South Korea",3,"Male",2009,"0-9 years"
"Asia","South Korea",0,"Female",2010,"0-9 years"
"Asia","South Korea",0,"Female",2010,"0-9 years"
"Asia","South Korea",0,"Female",2010,"0-9 years"
"Asia","South Korea",0,"Male",2010,"0-9 years"
"Asia","South Korea",0,"Male",2010,"0-9 years"
"Asia","South Korea",0,"Male",2010,"0-9 years"
"Asia","South Korea",0,"Female",2011,"0-9 years"
"Asia","South Korea",0,"Female",2011,"0-9 years"
"Asia","South Korea",0,"Female",2011,"0-9 years"
"Asia","South Korea",0,"Male",2011,"0-9 years"
"Asia","South Korea",0,"Male",2011,"0-9 years"
"Asia","South Korea",0,"Male",2011,"0-9 years"
"Asia","South Korea",0,"Female",2012,"0-9 years"
"Asia","South Korea",0,"Female",2012,"0-9 years"
"Asia","South Korea",0,"Female",2012,"0-9 years"
"Asia","South Korea",0,"Male",2012,"0-9 years"
"Asia","South Korea",0,"Male",2012,"0-9 years"
"Asia","South Korea",1,"Male",2012,"0-9 years"
"Asia","South Korea",0,"Female",2013,"0-9 years"
"Asia","South Korea",0,"Female",2013,"0-9 years"
"Asia","South Korea",0,"Female",2013,"0-9 years"
"Asia","South Korea",0,"Male",2013,"0-9 years"
"Asia","South Korea",0,"Male",2013,"0-9 years"
"Asia","South Korea",0,"Male",2013,"0-9 years"
"Asia","South Korea",0,"Female",2014,"0-9 years"
"Asia","South Korea",0,"Female",2014,"0-9 years"
"Asia","South Korea",0,"Female",2014,"0-9 years"
"Asia","South Korea",0,"Male",2014,"0-9 years"
"Asia","South Korea",0,"Male",2014,"0-9 years"
"Asia","South Korea",2,"Male",2014,"0-9 years"
"Asia","South Korea",0,"Female",2015,"0-9 years"
"Asia","South Korea",0,"Female",2015,"0-9 years"
"Asia","South Korea",0,"Female",2015,"0-9 years"
"Asia","South Korea",0,"Male",2015,"0-9 years"
"Asia","South Korea",0,"Male",2015,"0-9 years"
"Asia","South Korea",0,"Male",2015,"0-9 years"
"Asia","South Korea",0,"Female",2016,"0-9 years"
"Asia","South Korea",0,"Female",2016,"0-9 years"
"Asia","South Korea",0,"Female",2016,"0-9 years"
"Asia","South Korea",0,"Male",2016,"0-9 years"
"Asia","South Korea",0,"Male",2016,"0-9 years"
"Asia","South Korea",0,"Male",2016,"0-9 years"
"Asia","South Korea",0,"Female",2017,"0-9 years"
"Asia","South Korea",0,"Female",2017,"0-9 years"
"Asia","South Korea",0,"Female",2017,"0-9 years"
"Asia","South Korea",0,"Male",2017,"0-9 years"
"Asia","South Korea",0,"Male",2017,"0-9 years"
"Asia","South Korea",1,"Male",2017,"0-9 years"
"Asia","South Korea",0,"Female",2018,"0-9 years"
"Asia","South Korea",0,"Female",2018,"0-9 years"
"Asia","South Korea",0,"Female",2018,"0-9 years"
"Asia","South Korea",0,"Male",2018,"0-9 years"
"Asia","South Korea",0,"Male",2018,"0-9 years"
"Asia","South Korea",1,"Male",2018,"0-9 years"
"Asia","South Korea",0,"Female",2019,"0-9 years"
"Asia","South Korea",0,"Female",2019,"0-9 years"
"Asia","South Korea",0,"Female",2019,"0-9 years"
"Asia","South Korea",0,"Male",2019,"0-9 years"
"Asia","South Korea",0,"Male",2019,"0-9 years"
"Asia","South Korea",2,"Male",2019,"0-9 years"
"Asia","South Korea",0,"Female",2020,"0-9 years"
"Asia","South Korea",0,"Female",2020,"0-9 years"
"Asia","South Korea",2,"Female",2020,"0-9 years"
"Asia","South Korea",0,"Male",2020,"0-9 years"
"Asia","South Korea",0,"Male",2020,"0-9 years"
"Asia","South Korea",0,"Male",2020,"0-9 years"
"Asia","South Korea",13,"Female",1985,"10-19 years"
"Asia","South Korea",104,"Female",1985,"10-19 years"
"Asia","South Korea",20,"Male",1985,"10-19 years"
"Asia","South Korea",230,"Male",1985,"10-19 years"
"Asia","South Korea",8,"Female",1986,"10-19 years"
"Asia","South Korea",96,"Female",1986,"10-19 years"
"Asia","South Korea",18,"Male",1986,"10-19 years"
"Asia","South Korea",217,"Male",1986,"10-19 years"
"Asia","South Korea",15,"Female",1987,"10-19 years"
"Asia","South Korea",75,"Female",1987,"10-19 years"
"Asia","South Korea",27,"Male",1987,"10-19 years"
"Asia","South Korea",169,"Male",1987,"10-19 years"
"Asia","South Korea",12,"Female",1988,"10-19 years"
"Asia","South Korea",101,"Female",1988,"10-19 years"
"Asia","South Korea",14,"Male",1988,"10-19 years"
"Asia","South Korea",192,"Male",1988,"10-19 years"
"Asia","South Korea",15,"Female",1989,"10-19 years"
"Asia","South Korea",88,"Female",1989,"10-19 years"
"Asia","South Korea",20,"Male",1989,"10-19 years"
"Asia","South Korea",173,"Male",1989,"10-19 years"
"Asia","South Korea",14,"Female",1990,"10-19 years"
"Asia","South Korea",83,"Female",1990,"10-19 years"
"Asia","South Korea",26,"Male",1990,"10-19 years"
"Asia","South Korea",190,"Male",1990,"10-19 years"
"Asia","South Korea",16,"Female",1991,"10-19 years"
"Asia","South Korea",70,"Female",1991,"10-19 years"
"Asia","South Korea",26,"Male",1991,"10-19 years"
"Asia","South Korea",164,"Male",1991,"10-19 years"
"Asia","South Korea",22,"Female",1992,"10-19 years"
"Asia","South Korea",87,"Female",1992,"10-19 years"
"Asia","South Korea",25,"Male",1992,"10-19 years"
"Asia","South Korea",198,"Male",1992,"10-19 years"
"Asia","South Korea",20,"Female",1993,"10-19 years"
"Asia","South Korea",97,"Female",1993,"10-19 years"
"Asia","South Korea",21,"Male",1993,"10-19 years"
"Asia","South Korea",198,"Male",1993,"10-19 years"
"Asia","South Korea",29,"Female",1994,"10-19 years"
"Asia","South Korea",88,"Female",1994,"10-19 years"
"Asia","South Korea",24,"Male",1994,"10-19 years"
"Asia","South Korea",170,"Male",1994,"10-19 years"
"Asia","South Korea",28,"Female",1995,"10-19 years"
"Asia","South Korea",112,"Female",1995,"10-19 years"
"Asia","South Korea",29,"Male",1995,"10-19 years"
"Asia","South Korea",186,"Male",1995,"10-19 years"
"Asia","South Korea",46,"Female",1996,"10-19 years"
"Asia","South Korea",167,"Female",1996,"10-19 years"
"Asia","South Korea",35,"Male",1996,"10-19 years"
"Asia","South Korea",248,"Male",1996,"10-19 years"
"Asia","South Korea",32,"Female",1997,"10-19 years"
"Asia","South Korea",135,"Female",1997,"10-19 years"
"Asia","South Korea",29,"Male",1997,"10-19 years"
"Asia","South Korea",177,"Male",1997,"10-19 years"
"Asia","South Korea",42,"Female",1998,"10-19 years"
"Asia","South Korea",173,"Female",1998,"10-19 years"
"Asia","South Korea",27,"Male",1998,"10-19 years"
"Asia","South Korea",227,"Male",1998,"10-19 years"
"Asia","South Korea",27,"Female",1999,"10-19 years"
"Asia","South Korea",133,"Female",1999,"10-19 years"
"Asia","South Korea",28,"Male",1999,"10-19 years"
"Asia","South Korea",185,"Male",1999,"10-19 years"
"Asia","South Korea",8,"Female",2000,"10-19 years"
"Asia","South Korea",105,"Female",2000,"10-19 years"
"Asia","South Korea",16,"Male",2000,"10-19 years"
"Asia","South Korea",138,"Male",2000,"10-19 years"
"Asia","South Korea",21,"Female",2001,"10-19 years"
"Asia","South Korea",87,"Female",2001,"10-19 years"
"Asia","South Korea",11,"Male",2001,"10-19 years"
"Asia","South Korea",110,"Male",2001,"10-19 years"
"Asia","South Korea",17,"Female",2002,"10-19 years"
"Asia","South Korea",86,"Female",2002,"10-19 years"
"Asia","South Korea",14,"Male",2002,"10-19 years"
"Asia","South Korea",117,"Male",2002,"10-19 years"
"Asia","South Korea",17,"Female",2003,"10-19 years"
"Asia","South Korea",99,"Female",2003,"10-19 years"
"Asia","South Korea",16,"Male",2003,"10-19 years"
"Asia","South Korea",168,"Male",2003,"10-19 years"
"Asia","South Korea",22,"Female",2004,"10-19 years"
"Asia","South Korea",81,"Female",2004,"10-19 years"
"Asia","South Korea",22,"Male",2004,"10-19 years"
"Asia","South Korea",128,"Male",2004,"10-19 years"
"Asia","South Korea",20,"Female",2005,"10-19 years"
"Asia","South Korea",113,"Female",2005,"10-19 years"
"Asia","South Korea",20,"Male",2005,"10-19 years"
"Asia","South Korea",134,"Male",2005,"10-19 years"
"Asia","South Korea",20,"Female",2006,"10-19 years"
"Asia","South Korea",89,"Female",2006,"10-19 years"
"Asia","South Korea",14,"Male",2006,"10-19 years"
"Asia","South Korea",112,"Male",2006,"10-19 years"
"Asia","South Korea",27,"Female",2007,"10-19 years"
"Asia","South Korea",117,"Female",2007,"10-19 years"
"Asia","South Korea",25,"Male",2007,"10-19 years"
"Asia","South Korea",143,"Male",2007,"10-19 years"
"Asia","South Korea",26,"Female",2008,"10-19 years"
"Asia","South Korea",114,"Female",2008,"10-19 years"
"Asia","South Korea",22,"Male",2008,"10-19 years"
"Asia","South Korea",155,"Male",2008,"10-19 years"
"Asia","South Korea",41,"Female",2009,"10-19 years"
"Asia","South Korea",158,"Female",2009,"10-19 years"
"Asia","South Korea",36,"Male",2009,"10-19 years"
"Asia","South Korea",211,"Male",2009,"10-19 years"
"Asia","South Korea",34,"Female",2010,"10-19 years"
"Asia","South Korea",127,"Female",2010,"10-19 years"
"Asia","South Korea",27,"Male",2010,"10-19 years"
"Asia","South Korea",165,"Male",2010,"10-19 years"
"Asia","South Korea",26,"Female",2011,"10-19 years"
"Asia","South Korea",126,"Female",2011,"10-19 years"
"Asia","South Korea",30,"Male",2011,"10-19 years"
"Asia","South Korea",191,"Male",2011,"10-19 years"
"Asia","South Korea",20,"Female",2012,"10-19 years"
"Asia","South Korea",126,"Female",2012,"10-19 years"
"Asia","South Korea",27,"Male",2012,"10-19 years"
"Asia","South Korea",163,"Male",2012,"10-19 years"
"Asia","South Korea",16,"Female",2013,"10-19 years"
"Asia","South Korea",106,"Female",2013,"10-19 years"
"Asia","South Korea",21,"Male",2013,"10-19 years"
"Asia","South Korea",165,"Male",2013,"10-19 years"
"Asia","South Korea",11,"Female",2014,"10-19 years"
"Asia","South Korea",89,"Female",2014,"10-19 years"
"Asia","South Korea",20,"Male",2014,"10-19 years"
"Asia","South Korea",154,"Male",2014,"10-19 years"
"Asia","South Korea",14,"Female",2015,"10-19 years"
"Asia","South Korea",92,"Female",2015,"10-19 years"
"Asia","South Korea",17,"Male",2015,"10-19 years"
"Asia","South Korea",122,"Male",2015,"10-19 years"
"Asia","South Korea",10,"Female",2016,"10-19 years"
"Asia","South Korea",101,"Female",2016,"10-19 years"
"Asia","South Korea",12,"Male",2016,"10-19 years"
"Asia","South Korea",150,"Male",2016,"10-19 years"
"Asia","South Korea",13,"Female",2017,"10-19 years"
"Asia","South Korea",78,"Female",2017,"10-19 years"
"Asia","South Korea",22,"Male",2017,"10-19 years"
"Asia","South Korea",141,"Male",2017,"10-19 years"
"Asia","South Korea",24,"Female",2018,"10-19 years"
"Asia","South Korea",123,"Female",2018,"10-19 years"
"Asia","South Korea",25,"Male",2018,"10-19 years"
"Asia","South Korea",129,"Male",2018,"10-19 years"
"Asia","South Korea",23,"Female",2019,"10-19 years"
"Asia","South Korea",132,"Female",2019,"10-19 years"
"Asia","South Korea",20,"Male",2019,"10-19 years"
"Asia","South Korea",123,"Male",2019,"10-19 years"
"Asia","South Korea",26,"Female",2020,"10-19 years"
"Asia","South Korea",125,"Female",2020,"10-19 years"
"Asia","South Korea",23,"Male",2020,"10-19 years"
"Asia","South Korea",141,"Male",2020,"10-19 years"
"Asia","South Korea",192,"Female",1985,"20-29 years"
"Asia","South Korea",145,"Female",1985,"20-29 years"
"Asia","South Korea",448,"Male",1985,"20-29 years"
"Asia","South Korea",402,"Male",1985,"20-29 years"
"Asia","South Korea",141,"Female",1986,"20-29 years"
"Asia","South Korea",147,"Female",1986,"20-29 years"
"Asia","South Korea",399,"Male",1986,"20-29 years"
"Asia","South Korea",394,"Male",1986,"20-29 years"
"Asia","South Korea",146,"Female",1987,"20-29 years"
"Asia","South Korea",149,"Female",1987,"20-29 years"
"Asia","South Korea",324,"Male",1987,"20-29 years"
"Asia","South Korea",393,"Male",1987,"20-29 years"
"Asia","South Korea",111,"Female",1988,"20-29 years"
"Asia","South Korea",123,"Female",1988,"20-29 years"
"Asia","South Korea",321,"Male",1988,"20-29 years"
"Asia","South Korea",322,"Male",1988,"20-29 years"
"Asia","South Korea",119,"Female",1989,"20-29 years"
"Asia","South Korea",135,"Female",1989,"20-29 years"
"Asia","South Korea",291,"Male",1989,"20-29 years"
"Asia","South Korea",313,"Male",1989,"20-29 years"
"Asia","South Korea",149,"Female",1990,"20-29 years"
"Asia","South Korea",149,"Female",1990,"20-29 years"
"Asia","South Korea",290,"Male",1990,"20-29 years"
"Asia","South Korea",283,"Male",1990,"20-29 years"
"Asia","South Korea",131,"Female",1991,"20-29 years"
"Asia","South Korea",130,"Female",1991,"20-29 years"
"Asia","South Korea",287,"Male",1991,"20-29 years"
"Asia","South Korea",286,"Male",1991,"20-29 years"
"Asia","South Korea",135,"Female",1992,"20-29 years"
"Asia","South Korea",117,"Female",1992,"20-29 years"
"Asia","South Korea",282,"Male",1992,"20-29 years"
"Asia","South Korea",307,"Male",1992,"20-29 years"
"Asia","South Korea",156,"Female",1993,"20-29 years"
"Asia","South Korea",143,"Female",1993,"20-29 years"
"Asia","South Korea",324,"Male",1993,"20-29 years"
"Asia","South Korea",332,"Male",1993,"20-29 years"
"Asia","South Korea",155,"Female",1994,"20-29 years"
"Asia","South Korea",165,"Female",1994,"20-29 years"
"Asia","South Korea",309,"Male",1994,"20-29 years"
"Asia","South Korea",306,"Male",1994,"20-29 years"
"Asia","South Korea",196,"Female",1995,"20-29 years"
"Asia","South Korea",223,"Female",1995,"20-29 years"
"Asia","South Korea",333,"Male",1995,"20-29 years"
"Asia","South Korea",385,"Male",1995,"20-29 years"
"Asia","South Korea",209,"Female",1996,"20-29 years"
"Asia","South Korea",231,"Female",1996,"20-29 years"
"Asia","South Korea",389,"Male",1996,"20-29 years"
"Asia","South Korea",462,"Male",1996,"20-29 years"
"Asia","South Korea",191,"Female",1997,"20-29 years"
"Asia","South Korea",245,"Female",1997,"20-29 years"
"Asia","South Korea",364,"Male",1997,"20-29 years"
"Asia","South Korea",444,"Male",1997,"20-29 years"
"Asia","South Korea",209,"Female",1998,"20-29 years"
"Asia","South Korea",294,"Female",1998,"20-29 years"
"Asia","South Korea",412,"Male",1998,"20-29 years"
"Asia","South Korea",616,"Male",1998,"20-29 years"
"Asia","South Korea",182,"Female",1999,"20-29 years"
"Asia","South Korea",222,"Female",1999,"20-29 years"
"Asia","South Korea",319,"Male",1999,"20-29 years"
"Asia","South Korea",412,"Male",1999,"20-29 years"
"Asia","South Korea",162,"Female",2000,"20-29 years"
"Asia","South Korea",167,"Female",2000,"20-29 years"
"Asia","South Korea",273,"Male",2000,"20-29 years"
"Asia","South Korea",340,"Male",2000,"20-29 years"
"Asia","South Korea",144,"Female",2001,"20-29 years"
"Asia","South Korea",155,"Female",2001,"20-29 years"
"Asia","South Korea",249,"Male",2001,"20-29 years"
"Asia","South Korea",383,"Male",2001,"20-29 years"
"Asia","South Korea",171,"Female",2002,"20-29 years"
"Asia","South Korea",181,"Female",2002,"20-29 years"
"Asia","South Korea",261,"Male",2002,"20-29 years"
"Asia","South Korea",417,"Male",2002,"20-29 years"
"Asia","South Korea",218,"Female",2003,"20-29 years"
"Asia","South Korea",226,"Female",2003,"20-29 years"
"Asia","South Korea",332,"Male",2003,"20-29 years"
"Asia","South Korea",457,"Male",2003,"20-29 years"
"Asia","South Korea",202,"Female",2004,"20-29 years"
"Asia","South Korea",218,"Female",2004,"20-29 years"
"Asia","South Korea",302,"Male",2004,"20-29 years"
"Asia","South Korea",384,"Male",2004,"20-29 years"
"Asia","South Korea",319,"Female",2005,"20-29 years"
"Asia","South Korea",341,"Female",2005,"20-29 years"
"Asia","South Korea",300,"Male",2005,"20-29 years"
"Asia","South Korea",417,"Male",2005,"20-29 years"
"Asia","South Korea",200,"Female",2006,"20-29 years"
"Asia","South Korea",261,"Female",2006,"20-29 years"
"Asia","South Korea",235,"Male",2006,"20-29 years"
"Asia","South Korea",361,"Male",2006,"20-29 years"
"Asia","South Korea",357,"Female",2007,"20-29 years"
"Asia","South Korea",484,"Female",2007,"20-29 years"
"Asia","South Korea",274,"Male",2007,"20-29 years"
"Asia","South Korea",460,"Male",2007,"20-29 years"
"Asia","South Korea",296,"Female",2008,"20-29 years"
"Asia","South Korea",515,"Female",2008,"20-29 years"
"Asia","South Korea",326,"Male",2008,"20-29 years"
"Asia","South Korea",506,"Male",2008,"20-29 years"
"Asia","South Korea",302,"Female",2009,"20-29 years"
"Asia","South Korea",572,"Female",2009,"20-29 years"
"Asia","South Korea",338,"Male",2009,"20-29 years"
"Asia","South Korea",594,"Male",2009,"20-29 years"
"Asia","South Korea",245,"Female",2010,"20-29 years"
"Asia","South Korea",505,"Female",2010,"20-29 years"
"Asia","South Korea",328,"Male",2010,"20-29 years"
"Asia","South Korea",610,"Male",2010,"20-29 years"
"Asia","South Korea",221,"Female",2011,"20-29 years"
"Asia","South Korea",429,"Female",2011,"20-29 years"
"Asia","South Korea",337,"Male",2011,"20-29 years"
"Asia","South Korea",653,"Male",2011,"20-29 years"
"Asia","South Korea",173,"Female",2012,"20-29 years"
"Asia","South Korea",309,"Female",2012,"20-29 years"
"Asia","South Korea",312,"Male",2012,"20-29 years"
"Asia","South Korea",501,"Male",2012,"20-29 years"
"Asia","South Korea",177,"Female",2013,"20-29 years"
"Asia","South Korea",287,"Female",2013,"20-29 years"
"Asia","South Korea",308,"Male",2013,"20-29 years"
"Asia","South Korea",412,"Male",2013,"20-29 years"
"Asia","South Korea",168,"Female",2014,"20-29 years"
"Asia","South Korea",252,"Female",2014,"20-29 years"
"Asia","South Korea",299,"Male",2014,"20-29 years"
"Asia","South Korea",455,"Male",2014,"20-29 years"
"Asia","South Korea",164,"Female",2015,"20-29 years"
"Asia","South Korea",214,"Female",2015,"20-29 years"
"Asia","South Korea",299,"Male",2015,"20-29 years"
"Asia","South Korea",410,"Male",2015,"20-29 years"
"Asia","South Korea",178,"Female",2016,"20-29 years"
"Asia","South Korea",217,"Female",2016,"20-29 years"
"Asia","South Korea",293,"Male",2016,"20-29 years"
"Asia","South Korea",409,"Male",2016,"20-29 years"
"Asia","South Korea",157,"Female",2017,"20-29 years"
"Asia","South Korea",208,"Female",2017,"20-29 years"
"Asia","South Korea",310,"Male",2017,"20-29 years"
"Asia","South Korea",431,"Male",2017,"20-29 years"
"Asia","South Korea",204,"Female",2018,"20-29 years"
"Asia","South Korea",221,"Female",2018,"20-29 years"
"Asia","South Korea",323,"Male",2018,"20-29 years"
"Asia","South Korea",444,"Male",2018,"20-29 years"
"Asia","South Korea",266,"Female",2019,"20-29 years"
"Asia","South Korea",268,"Female",2019,"20-29 years"
"Asia","South Korea",311,"Male",2019,"20-29 years"
"Asia","South Korea",461,"Male",2019,"20-29 years"
"Asia","South Korea",301,"Female",2020,"20-29 years"
"Asia","South Korea",321,"Female",2020,"20-29 years"
"Asia","South Korea",339,"Male",2020,"20-29 years"
"Asia","South Korea",510,"Male",2020,"20-29 years"
"Asia","South Korea",83,"Female",1985,"30-39 years"
"Asia","South Korea",79,"Female",1985,"30-39 years"
"Asia","South Korea",253,"Male",1985,"30-39 years"
"Asia","South Korea",220,"Male",1985,"30-39 years"
"Asia","South Korea",103,"Female",1986,"30-39 years"
"Asia","South Korea",73,"Female",1986,"30-39 years"
"Asia","South Korea",277,"Male",1986,"30-39 years"
"Asia","South Korea",194,"Male",1986,"30-39 years"
"Asia","South Korea",105,"Female",1987,"30-39 years"
"Asia","South Korea",72,"Female",1987,"30-39 years"
"Asia","South Korea",282,"Male",1987,"30-39 years"
"Asia","South Korea",194,"Male",1987,"30-39 years"
"Asia","South Korea",83,"Female",1988,"30-39 years"
"Asia","South Korea",76,"Female",1988,"30-39 years"
"Asia","South Korea",253,"Male",1988,"30-39 years"
"Asia","South Korea",188,"Male",1988,"30-39 years"
"Asia","South Korea",98,"Female",1989,"30-39 years"
"Asia","South Korea",86,"Female",1989,"30-39 years"
"Asia","South Korea",261,"Male",1989,"30-39 years"
"Asia","South Korea",197,"Male",1989,"30-39 years"
"Asia","South Korea",120,"Female",1990,"30-39 years"
"Asia","South Korea",84,"Female",1990,"30-39 years"
"Asia","South Korea",267,"Male",1990,"30-39 years"
"Asia","South Korea",226,"Male",1990,"30-39 years"
"Asia","South Korea",117,"Female",1991,"30-39 years"
"Asia","South Korea",98,"Female",1991,"30-39 years"
"Asia","South Korea",282,"Male",1991,"30-39 years"
"Asia","South Korea",211,"Male",1991,"30-39 years"
"Asia","South Korea",150,"Female",1992,"30-39 years"
"Asia","South Korea",106,"Female",1992,"30-39 years"
"Asia","South Korea",337,"Male",1992,"30-39 years"
"Asia","South Korea",253,"Male",1992,"30-39 years"
"Asia","South Korea",179,"Female",1993,"30-39 years"
"Asia","South Korea",138,"Female",1993,"30-39 years"
"Asia","South Korea",314,"Male",1993,"30-39 years"
"Asia","South Korea",331,"Male",1993,"30-39 years"
"Asia","South Korea",172,"Female",1994,"30-39 years"
"Asia","South Korea",146,"Female",1994,"30-39 years"
"Asia","South Korea",375,"Male",1994,"30-39 years"
"Asia","South Korea",346,"Male",1994,"30-39 years"
"Asia","South Korea",159,"Female",1995,"30-39 years"
"Asia","South Korea",148,"Female",1995,"30-39 years"
"Asia","South Korea",387,"Male",1995,"30-39 years"
"Asia","South Korea",406,"Male",1995,"30-39 years"
"Asia","South Korea",183,"Female",1996,"30-39 years"
"Asia","South Korea",200,"Female",1996,"30-39 years"
"Asia","South Korea",445,"Male",1996,"30-39 years"
"Asia","South Korea",507,"Male",1996,"30-39 years"
"Asia","South Korea",218,"Female",1997,"30-39 years"
"Asia","South Korea",219,"Female",1997,"30-39 years"
"Asia","South Korea",453,"Male",1997,"30-39 years"
"Asia","South Korea",542,"Male",1997,"30-39 years"
"Asia","South Korea",253,"Female",1998,"30-39 years"
"Asia","South Korea",266,"Female",1998,"30-39 years"
"Asia","South Korea",639,"Male",1998,"30-39 years"
"Asia","South Korea",764,"Male",1998,"30-39 years"
"Asia","South Korea",195,"Female",1999,"30-39 years"
"Asia","South Korea",256,"Female",1999,"30-39 years"
"Asia","South Korea",496,"Male",1999,"30-39 years"
"Asia","South Korea",609,"Male",1999,"30-39 years"
"Asia","South Korea",189,"Female",2000,"30-39 years"
"Asia","South Korea",214,"Female",2000,"30-39 years"
"Asia","South Korea",414,"Male",2000,"30-39 years"
"Asia","South Korea",535,"Male",2000,"30-39 years"
"Asia","South Korea",192,"Female",2001,"30-39 years"
"Asia","South Korea",211,"Female",2001,"30-39 years"
"Asia","South Korea",458,"Male",2001,"30-39 years"
"Asia","South Korea",510,"Male",2001,"30-39 years"
"Asia","South Korea",221,"Female",2002,"30-39 years"
"Asia","South Korea",254,"Female",2002,"30-39 years"
"Asia","South Korea",558,"Male",2002,"30-39 years"
"Asia","South Korea",619,"Male",2002,"30-39 years"
"Asia","South Korea",283,"Female",2003,"30-39 years"
"Asia","South Korea",332,"Female",2003,"30-39 years"
"Asia","South Korea",639,"Male",2003,"30-39 years"
"Asia","South Korea",697,"Male",2003,"30-39 years"
"Asia","South Korea",283,"Female",2004,"30-39 years"
"Asia","South Korea",319,"Female",2004,"30-39 years"
"Asia","South Korea",538,"Male",2004,"30-39 years"
"Asia","South Korea",704,"Male",2004,"30-39 years"
"Asia","South Korea",343,"Female",2005,"30-39 years"
"Asia","South Korea",349,"Female",2005,"30-39 years"
"Asia","South Korea",599,"Male",2005,"30-39 years"
"Asia","South Korea",644,"Male",2005,"30-39 years"
"Asia","South Korea",238,"Female",2006,"30-39 years"
"Asia","South Korea",272,"Female",2006,"30-39 years"
"Asia","South Korea",411,"Male",2006,"30-39 years"
"Asia","South Korea",574,"Male",2006,"30-39 years"
"Asia","South Korea",430,"Female",2007,"30-39 years"
"Asia","South Korea",383,"Female",2007,"30-39 years"
"Asia","South Korea",538,"Male",2007,"30-39 years"
"Asia","South Korea",606,"Male",2007,"30-39 years"
"Asia","South Korea",429,"Female",2008,"30-39 years"
"Asia","South Korea",456,"Female",2008,"30-39 years"
"Asia","South Korea",471,"Male",2008,"30-39 years"
"Asia","South Korea",764,"Male",2008,"30-39 years"
"Asia","South Korea",549,"Female",2009,"30-39 years"
"Asia","South Korea",565,"Female",2009,"30-39 years"
"Asia","South Korea",666,"Male",2009,"30-39 years"
"Asia","South Korea",862,"Male",2009,"30-39 years"
"Asia","South Korea",467,"Female",2010,"30-39 years"
"Asia","South Korea",492,"Female",2010,"30-39 years"
"Asia","South Korea",691,"Male",2010,"30-39 years"
"Asia","South Korea",812,"Male",2010,"30-39 years"
"Asia","South Korea",472,"Female",2011,"30-39 years"
"Asia","South Korea",415,"Female",2011,"30-39 years"
"Asia","South Korea",731,"Male",2011,"30-39 years"
"Asia","South Korea",893,"Male",2011,"30-39 years"
"Asia","South Korea",424,"Female",2012,"30-39 years"
"Asia","South Korea",367,"Female",2012,"30-39 years"
"Asia","South Korea",709,"Male",2012,"30-39 years"
"Asia","South Korea",725,"Male",2012,"30-39 years"
"Asia","South Korea",411,"Female",2013,"30-39 years"
"Asia","South Korea",375,"Female",2013,"30-39 years"
"Asia","South Korea",714,"Male",2013,"30-39 years"
"Asia","South Korea",775,"Male",2013,"30-39 years"
"Asia","South Korea",391,"Female",2014,"30-39 years"
"Asia","South Korea",337,"Female",2014,"30-39 years"
"Asia","South Korea",678,"Male",2014,"30-39 years"
"Asia","South Korea",787,"Male",2014,"30-39 years"
"Asia","South Korea",358,"Female",2015,"30-39 years"
"Asia","South Korea",316,"Female",2015,"30-39 years"
"Asia","South Korea",578,"Male",2015,"30-39 years"
"Asia","South Korea",675,"Male",2015,"30-39 years"
"Asia","South Korea",347,"Female",2016,"30-39 years"
"Asia","South Korea",304,"Female",2016,"30-39 years"
"Asia","South Korea",561,"Male",2016,"30-39 years"
"Asia","South Korea",645,"Male",2016,"30-39 years"
"Asia","South Korea",271,"Female",2017,"30-39 years"
"Asia","South Korea",315,"Female",2017,"30-39 years"
"Asia","South Korea",518,"Male",2017,"30-39 years"
"Asia","South Korea",709,"Male",2017,"30-39 years"
"Asia","South Korea",292,"Female",2018,"30-39 years"
"Asia","South Korea",355,"Female",2018,"30-39 years"
"Asia","South Korea",535,"Male",2018,"30-39 years"
"Asia","South Korea",816,"Male",2018,"30-39 years"
"Asia","South Korea",297,"Female",2019,"30-39 years"
"Asia","South Korea",395,"Female",2019,"30-39 years"
"Asia","South Korea",477,"Male",2019,"30-39 years"
"Asia","South Korea",745,"Male",2019,"30-39 years"
"Asia","South Korea",292,"Female",2020,"30-39 years"
"Asia","South Korea",359,"Female",2020,"30-39 years"
"Asia","South Korea",517,"Male",2020,"30-39 years"
"Asia","South Korea",706,"Male",2020,"30-39 years"
"Asia","South Korea",67,"Female",1985,"40-49 years"
"Asia","South Korea",65,"Female",1985,"40-49 years"
"Asia","South Korea",236,"Male",1985,"40-49 years"
"Asia","South Korea",263,"Male",1985,"40-49 years"
"Asia","South Korea",53,"Female",1986,"40-49 years"
"Asia","South Korea",54,"Female",1986,"40-49 years"
"Asia","South Korea",228,"Male",1986,"40-49 years"
"Asia","South Korea",219,"Male",1986,"40-49 years"
"Asia","South Korea",64,"Female",1987,"40-49 years"
"Asia","South Korea",54,"Female",1987,"40-49 years"
"Asia","South Korea",190,"Male",1987,"40-49 years"
"Asia","South Korea",221,"Male",1987,"40-49 years"
"Asia","South Korea",41,"Female",1988,"40-49 years"
"Asia","South Korea",54,"Female",1988,"40-49 years"
"Asia","South Korea",156,"Male",1988,"40-49 years"
"Asia","South Korea",192,"Male",1988,"40-49 years"
"Asia","South Korea",66,"Female",1989,"40-49 years"
"Asia","South Korea",59,"Female",1989,"40-49 years"
"Asia","South Korea",168,"Male",1989,"40-49 years"
"Asia","South Korea",180,"Male",1989,"40-49 years"
"Asia","South Korea",63,"Female",1990,"40-49 years"
"Asia","South Korea",51,"Female",1990,"40-49 years"
"Asia","South Korea",152,"Male",1990,"40-49 years"
"Asia","South Korea",193,"Male",1990,"40-49 years"
"Asia","South Korea",62,"Female",1991,"40-49 years"
"Asia","South Korea",41,"Female",1991,"40-49 years"
"Asia","South Korea",182,"Male",1991,"40-49 years"
"Asia","South Korea",152,"Male",1991,"40-49 years"
"Asia","South Korea",74,"Female",1992,"40-49 years"
"Asia","South Korea",75,"Female",1992,"40-49 years"
"Asia","South Korea",194,"Male",1992,"40-49 years"
"Asia","South Korea",180,"Male",1992,"40-49 years"
"Asia","South Korea",113,"Female",1993,"40-49 years"
"Asia","South Korea",69,"Female",1993,"40-49 years"
"Asia","South Korea",240,"Male",1993,"40-49 years"
"Asia","South Korea",210,"Male",1993,"40-49 years"
"Asia","South Korea",65,"Female",1994,"40-49 years"
"Asia","South Korea",103,"Female",1994,"40-49 years"
"Asia","South Korea",218,"Male",1994,"40-49 years"
"Asia","South Korea",222,"Male",1994,"40-49 years"
"Asia","South Korea",112,"Female",1995,"40-49 years"
"Asia","South Korea",90,"Female",1995,"40-49 years"
"Asia","South Korea",297,"Male",1995,"40-49 years"
"Asia","South Korea",294,"Male",1995,"40-49 years"
"Asia","South Korea",147,"Female",1996,"40-49 years"
"Asia","South Korea",105,"Female",1996,"40-49 years"
"Asia","South Korea",401,"Male",1996,"40-49 years"
"Asia","South Korea",327,"Male",1996,"40-49 years"
"Asia","South Korea",124,"Female",1997,"40-49 years"
"Asia","South Korea",117,"Female",1997,"40-49 years"
"Asia","South Korea",434,"Male",1997,"40-49 years"
"Asia","South Korea",400,"Male",1997,"40-49 years"
"Asia","South Korea",201,"Female",1998,"40-49 years"
"Asia","South Korea",142,"Female",1998,"40-49 years"
"Asia","South Korea",768,"Male",1998,"40-49 years"
"Asia","South Korea",624,"Male",1998,"40-49 years"
"Asia","South Korea",187,"Female",1999,"40-49 years"
"Asia","South Korea",134,"Female",1999,"40-49 years"
"Asia","South Korea",591,"Male",1999,"40-49 years"
"Asia","South Korea",502,"Male",1999,"40-49 years"
"Asia","South Korea",204,"Female",2000,"40-49 years"
"Asia","South Korea",122,"Female",2000,"40-49 years"
"Asia","South Korea",568,"Male",2000,"40-49 years"
"Asia","South Korea",434,"Male",2000,"40-49 years"
"Asia","South Korea",170,"Female",2001,"40-49 years"
"Asia","South Korea",154,"Female",2001,"40-49 years"
"Asia","South Korea",558,"Male",2001,"40-49 years"
"Asia","South Korea",489,"Male",2001,"40-49 years"
"Asia","South Korea",241,"Female",2002,"40-49 years"
"Asia","South Korea",211,"Female",2002,"40-49 years"
"Asia","South Korea",684,"Male",2002,"40-49 years"
"Asia","South Korea",622,"Male",2002,"40-49 years"
"Asia","South Korea",326,"Female",2003,"40-49 years"
"Asia","South Korea",250,"Female",2003,"40-49 years"
"Asia","South Korea",880,"Male",2003,"40-49 years"
"Asia","South Korea",802,"Male",2003,"40-49 years"
"Asia","South Korea",325,"Female",2004,"40-49 years"
"Asia","South Korea",292,"Female",2004,"40-49 years"
"Asia","South Korea",900,"Male",2004,"40-49 years"
"Asia","South Korea",907,"Male",2004,"40-49 years"
"Asia","South Korea",326,"Female",2005,"40-49 years"
"Asia","South Korea",293,"Female",2005,"40-49 years"
"Asia","South Korea",804,"Male",2005,"40-49 years"
"Asia","South Korea",939,"Male",2005,"40-49 years"
"Asia","South Korea",268,"Female",2006,"40-49 years"
"Asia","South Korea",278,"Female",2006,"40-49 years"
"Asia","South Korea",683,"Male",2006,"40-49 years"
"Asia","South Korea",876,"Male",2006,"40-49 years"
"Asia","South Korea",338,"Female",2007,"40-49 years"
"Asia","South Korea",344,"Female",2007,"40-49 years"
"Asia","South Korea",696,"Male",2007,"40-49 years"
"Asia","South Korea",873,"Male",2007,"40-49 years"
"Asia","South Korea",391,"Female",2008,"40-49 years"
"Asia","South Korea",385,"Female",2008,"40-49 years"
"Asia","South Korea",723,"Male",2008,"40-49 years"
"Asia","South Korea",946,"Male",2008,"40-49 years"
"Asia","South Korea",425,"Female",2009,"40-49 years"
"Asia","South Korea",422,"Female",2009,"40-49 years"
"Asia","South Korea",916,"Male",2009,"40-49 years"
"Asia","South Korea",1095,"Male",2009,"40-49 years"
"Asia","South Korea",444,"Female",2010,"40-49 years"
"Asia","South Korea",413,"Female",2010,"40-49 years"
"Asia","South Korea",940,"Male",2010,"40-49 years"
"Asia","South Korea",1172,"Male",2010,"40-49 years"
"Asia","South Korea",457,"Female",2011,"40-49 years"
"Asia","South Korea",388,"Female",2011,"40-49 years"
"Asia","South Korea",1014,"Male",2011,"40-49 years"
"Asia","South Korea",1102,"Male",2011,"40-49 years"
"Asia","South Korea",414,"Female",2012,"40-49 years"
"Asia","South Korea",370,"Female",2012,"40-49 years"
"Asia","South Korea",931,"Male",2012,"40-49 years"
"Asia","South Korea",975,"Male",2012,"40-49 years"
"Asia","South Korea",434,"Female",2013,"40-49 years"
"Asia","South Korea",332,"Female",2013,"40-49 years"
"Asia","South Korea",1025,"Male",2013,"40-49 years"
"Asia","South Korea",1076,"Male",2013,"40-49 years"
"Asia","South Korea",397,"Female",2014,"40-49 years"
"Asia","South Korea",371,"Female",2014,"40-49 years"
"Asia","South Korea",1033,"Male",2014,"40-49 years"
"Asia","South Korea",1054,"Male",2014,"40-49 years"
"Asia","South Korea",377,"Female",2015,"40-49 years"
"Asia","South Korea",371,"Female",2015,"40-49 years"
"Asia","South Korea",882,"Male",2015,"40-49 years"
"Asia","South Korea",994,"Male",2015,"40-49 years"
"Asia","South Korea",361,"Female",2016,"40-49 years"
"Asia","South Korea",347,"Female",2016,"40-49 years"
"Asia","South Korea",901,"Male",2016,"40-49 years"
"Asia","South Korea",970,"Male",2016,"40-49 years"
"Asia","South Korea",341,"Female",2017,"40-49 years"
"Asia","South Korea",375,"Female",2017,"40-49 years"
"Asia","South Korea",732,"Male",2017,"40-49 years"
"Asia","South Korea",960,"Male",2017,"40-49 years"
"Asia","South Korea",354,"Female",2018,"40-49 years"
"Asia","South Korea",369,"Female",2018,"40-49 years"
"Asia","South Korea",841,"Male",2018,"40-49 years"
"Asia","South Korea",1114,"Male",2018,"40-49 years"
"Asia","South Korea",319,"Female",2019,"40-49 years"
"Asia","South Korea",384,"Female",2019,"40-49 years"
"Asia","South Korea",795,"Male",2019,"40-49 years"
"Asia","South Korea",1091,"Male",2019,"40-49 years"
"Asia","South Korea",341,"Female",2020,"40-49 years"
"Asia","South Korea",364,"Female",2020,"40-49 years"
"Asia","South Korea",750,"Male",2020,"40-49 years"
"Asia","South Korea",950,"Male",2020,"40-49 years"
"Asia","South Korea",51,"Female",1985,"50-59 years"
"Asia","South Korea",47,"Female",1985,"50-59 years"
"Asia","South Korea",184,"Male",1985,"50-59 years"
"Asia","South Korea",134,"Male",1985,"50-59 years"
"Asia","South Korea",56,"Female",1986,"50-59 years"
"Asia","South Korea",45,"Female",1986,"50-59 years"
"Asia","South Korea",186,"Male",1986,"50-59 years"
"Asia","South Korea",121,"Male",1986,"50-59 years"
"Asia","South Korea",39,"Female",1987,"50-59 years"
"Asia","South Korea",46,"Female",1987,"50-59 years"
"Asia","South Korea",176,"Male",1987,"50-59 years"
"Asia","South Korea",123,"Male",1987,"50-59 years"
"Asia","South Korea",42,"Female",1988,"50-59 years"
"Asia","South Korea",42,"Female",1988,"50-59 years"
"Asia","South Korea",155,"Male",1988,"50-59 years"
"Asia","South Korea",84,"Male",1988,"50-59 years"
"Asia","South Korea",51,"Female",1989,"50-59 years"
"Asia","South Korea",21,"Female",1989,"50-59 years"
"Asia","South Korea",148,"Male",1989,"50-59 years"
"Asia","South Korea",116,"Male",1989,"50-59 years"
"Asia","South Korea",44,"Female",1990,"50-59 years"
"Asia","South Korea",48,"Female",1990,"50-59 years"
"Asia","South Korea",165,"Male",1990,"50-59 years"
"Asia","South Korea",129,"Male",1990,"50-59 years"
"Asia","South Korea",55,"Female",1991,"50-59 years"
"Asia","South Korea",45,"Female",1991,"50-59 years"
"Asia","South Korea",163,"Male",1991,"50-59 years"
"Asia","South Korea",102,"Male",1991,"50-59 years"
"Asia","South Korea",57,"Female",1992,"50-59 years"
"Asia","South Korea",45,"Female",1992,"50-59 years"
"Asia","South Korea",196,"Male",1992,"50-59 years"
"Asia","South Korea",164,"Male",1992,"50-59 years"
"Asia","South Korea",61,"Female",1993,"50-59 years"
"Asia","South Korea",52,"Female",1993,"50-59 years"
"Asia","South Korea",259,"Male",1993,"50-59 years"
"Asia","South Korea",196,"Male",1993,"50-59 years"
"Asia","South Korea",69,"Female",1994,"50-59 years"
"Asia","South Korea",80,"Female",1994,"50-59 years"
"Asia","South Korea",239,"Male",1994,"50-59 years"
"Asia","South Korea",199,"Male",1994,"50-59 years"
"Asia","South Korea",86,"Female",1995,"50-59 years"
"Asia","South Korea",63,"Female",1995,"50-59 years"
"Asia","South Korea",294,"Male",1995,"50-59 years"
"Asia","South Korea",238,"Male",1995,"50-59 years"
"Asia","South Korea",91,"Female",1996,"50-59 years"
"Asia","South Korea",80,"Female",1996,"50-59 years"
"Asia","South Korea",317,"Male",1996,"50-59 years"
"Asia","South Korea",268,"Male",1996,"50-59 years"
"Asia","South Korea",87,"Female",1997,"50-59 years"
"Asia","South Korea",104,"Female",1997,"50-59 years"
"Asia","South Korea",311,"Male",1997,"50-59 years"
"Asia","South Korea",314,"Male",1997,"50-59 years"
"Asia","South Korea",120,"Female",1998,"50-59 years"
"Asia","South Korea",130,"Female",1998,"50-59 years"
"Asia","South Korea",519,"Male",1998,"50-59 years"
"Asia","South Korea",527,"Male",1998,"50-59 years"
"Asia","South Korea",110,"Female",1999,"50-59 years"
"Asia","South Korea",117,"Female",1999,"50-59 years"
"Asia","South Korea",400,"Male",1999,"50-59 years"
"Asia","South Korea",383,"Male",1999,"50-59 years"
"Asia","South Korea",88,"Female",2000,"50-59 years"
"Asia","South Korea",113,"Female",2000,"50-59 years"
"Asia","South Korea",376,"Male",2000,"50-59 years"
"Asia","South Korea",404,"Male",2000,"50-59 years"
"Asia","South Korea",110,"Female",2001,"50-59 years"
"Asia","South Korea",111,"Female",2001,"50-59 years"
"Asia","South Korea",445,"Male",2001,"50-59 years"
"Asia","South Korea",396,"Male",2001,"50-59 years"
"Asia","South Korea",146,"Female",2002,"50-59 years"
"Asia","South Korea",122,"Female",2002,"50-59 years"
"Asia","South Korea",533,"Male",2002,"50-59 years"
"Asia","South Korea",473,"Male",2002,"50-59 years"
"Asia","South Korea",191,"Female",2003,"50-59 years"
"Asia","South Korea",174,"Female",2003,"50-59 years"
"Asia","South Korea",644,"Male",2003,"50-59 years"
"Asia","South Korea",600,"Male",2003,"50-59 years"
"Asia","South Korea",225,"Female",2004,"50-59 years"
"Asia","South Korea",193,"Female",2004,"50-59 years"
"Asia","South Korea",736,"Male",2004,"50-59 years"
"Asia","South Korea",673,"Male",2004,"50-59 years"
"Asia","South Korea",219,"Female",2005,"50-59 years"
"Asia","South Korea",182,"Female",2005,"50-59 years"
"Asia","South Korea",741,"Male",2005,"50-59 years"
"Asia","South Korea",621,"Male",2005,"50-59 years"
"Asia","South Korea",229,"Female",2006,"50-59 years"
"Asia","South Korea",159,"Female",2006,"50-59 years"
"Asia","South Korea",771,"Male",2006,"50-59 years"
"Asia","South Korea",660,"Male",2006,"50-59 years"
"Asia","South Korea",244,"Female",2007,"50-59 years"
"Asia","South Korea",178,"Female",2007,"50-59 years"
"Asia","South Korea",745,"Male",2007,"50-59 years"
"Asia","South Korea",617,"Male",2007,"50-59 years"
"Asia","South Korea",269,"Female",2008,"50-59 years"
"Asia","South Korea",186,"Female",2008,"50-59 years"
"Asia","South Korea",833,"Male",2008,"50-59 years"
"Asia","South Korea",683,"Male",2008,"50-59 years"
"Asia","South Korea",369,"Female",2009,"50-59 years"
"Asia","South Korea",263,"Female",2009,"50-59 years"
"Asia","South Korea",1176,"Male",2009,"50-59 years"
"Asia","South Korea",790,"Male",2009,"50-59 years"
"Asia","South Korea",396,"Female",2010,"50-59 years"
"Asia","South Korea",277,"Female",2010,"50-59 years"
"Asia","South Korea",1126,"Male",2010,"50-59 years"
"Asia","South Korea",896,"Male",2010,"50-59 years"
"Asia","South Korea",434,"Female",2011,"50-59 years"
"Asia","South Korea",309,"Female",2011,"50-59 years"
"Asia","South Korea",1246,"Male",2011,"50-59 years"
"Asia","South Korea",964,"Male",2011,"50-59 years"
"Asia","South Korea",388,"Female",2012,"50-59 years"
"Asia","South Korea",260,"Female",2012,"50-59 years"
"Asia","South Korea",1103,"Male",2012,"50-59 years"
"Asia","South Korea",909,"Male",2012,"50-59 years"
"Asia","South Korea",409,"Female",2013,"50-59 years"
"Asia","South Korea",288,"Female",2013,"50-59 years"
"Asia","South Korea",1236,"Male",2013,"50-59 years"
"Asia","South Korea",1030,"Male",2013,"50-59 years"
"Asia","South Korea",401,"Female",2014,"50-59 years"
"Asia","South Korea",293,"Female",2014,"50-59 years"
"Asia","South Korea",1212,"Male",2014,"50-59 years"
"Asia","South Korea",1008,"Male",2014,"50-59 years"
"Asia","South Korea",309,"Female",2015,"50-59 years"
"Asia","South Korea",286,"Female",2015,"50-59 years"
"Asia","South Korea",1127,"Male",2015,"50-59 years"
"Asia","South Korea",1073,"Male",2015,"50-59 years"
"Asia","South Korea",323,"Female",2016,"50-59 years"
"Asia","South Korea",346,"Female",2016,"50-59 years"
"Asia","South Korea",1009,"Male",2016,"50-59 years"
"Asia","South Korea",999,"Male",2016,"50-59 years"
"Asia","South Korea",312,"Female",2017,"50-59 years"
"Asia","South Korea",254,"Female",2017,"50-59 years"
"Asia","South Korea",961,"Male",2017,"50-59 years"
"Asia","South Korea",1041,"Male",2017,"50-59 years"
"Asia","South Korea",302,"Female",2018,"50-59 years"
"Asia","South Korea",331,"Female",2018,"50-59 years"
"Asia","South Korea",1046,"Male",2018,"50-59 years"
"Asia","South Korea",1133,"Male",2018,"50-59 years"
"Asia","South Korea",335,"Female",2019,"50-59 years"
"Asia","South Korea",337,"Female",2019,"50-59 years"
"Asia","South Korea",1050,"Male",2019,"50-59 years"
"Asia","South Korea",1115,"Male",2019,"50-59 years"
"Asia","South Korea",354,"Female",2020,"50-59 years"
"Asia","South Korea",288,"Female",2020,"50-59 years"
"Asia","South Korea",913,"Male",2020,"50-59 years"
"Asia","South Korea",1051,"Male",2020,"50-59 years"
"Asia","South Korea",33,"Female",1985,"60-69 years"
"Asia","South Korea",41,"Female",1985,"60-69 years"
"Asia","South Korea",112,"Male",1985,"60-69 years"
"Asia","South Korea",104,"Male",1985,"60-69 years"
"Asia","South Korea",27,"Female",1986,"60-69 years"
"Asia","South Korea",23,"Female",1986,"60-69 years"
"Asia","South Korea",119,"Male",1986,"60-69 years"
"Asia","South Korea",76,"Male",1986,"60-69 years"
"Asia","South Korea",42,"Female",1987,"60-69 years"
"Asia","South Korea",40,"Female",1987,"60-69 years"
"Asia","South Korea",116,"Male",1987,"60-69 years"
"Asia","South Korea",77,"Male",1987,"60-69 years"
"Asia","South Korea",30,"Female",1988,"60-69 years"
"Asia","South Korea",41,"Female",1988,"60-69 years"
"Asia","South Korea",68,"Male",1988,"60-69 years"
"Asia","South Korea",78,"Male",1988,"60-69 years"
"Asia","South Korea",40,"Female",1989,"60-69 years"
"Asia","South Korea",41,"Female",1989,"60-69 years"
"Asia","South Korea",77,"Male",1989,"60-69 years"
"Asia","South Korea",71,"Male",1989,"60-69 years"
"Asia","South Korea",34,"Female",1990,"60-69 years"
"Asia","South Korea",46,"Female",1990,"60-69 years"
"Asia","South Korea",89,"Male",1990,"60-69 years"
"Asia","South Korea",82,"Male",1990,"60-69 years"
"Asia","South Korea",36,"Female",1991,"60-69 years"
"Asia","South Korea",39,"Female",1991,"60-69 years"
"Asia","South Korea",91,"Male",1991,"60-69 years"
"Asia","South Korea",80,"Male",1991,"60-69 years"
"Asia","South Korea",49,"Female",1992,"60-69 years"
"Asia","South Korea",49,"Female",1992,"60-69 years"
"Asia","South Korea",97,"Male",1992,"60-69 years"
"Asia","South Korea",103,"Male",1992,"60-69 years"
"Asia","South Korea",61,"Female",1993,"60-69 years"
"Asia","South Korea",55,"Female",1993,"60-69 years"
"Asia","South Korea",131,"Male",1993,"60-69 years"
"Asia","South Korea",108,"Male",1993,"60-69 years"
"Asia","South Korea",68,"Female",1994,"60-69 years"
"Asia","South Korea",60,"Female",1994,"60-69 years"
"Asia","South Korea",151,"Male",1994,"60-69 years"
"Asia","South Korea",104,"Male",1994,"60-69 years"
"Asia","South Korea",76,"Female",1995,"60-69 years"
"Asia","South Korea",66,"Female",1995,"60-69 years"
"Asia","South Korea",170,"Male",1995,"60-69 years"
"Asia","South Korea",129,"Male",1995,"60-69 years"
"Asia","South Korea",78,"Female",1996,"60-69 years"
"Asia","South Korea",74,"Female",1996,"60-69 years"
"Asia","South Korea",234,"Male",1996,"60-69 years"
"Asia","South Korea",169,"Male",1996,"60-69 years"
"Asia","South Korea",81,"Female",1997,"60-69 years"
"Asia","South Korea",83,"Female",1997,"60-69 years"
"Asia","South Korea",239,"Male",1997,"60-69 years"
"Asia","South Korea",169,"Male",1997,"60-69 years"
"Asia","South Korea",126,"Female",1998,"60-69 years"
"Asia","South Korea",114,"Female",1998,"60-69 years"
"Asia","South Korea",435,"Male",1998,"60-69 years"
"Asia","South Korea",276,"Male",1998,"60-69 years"
"Asia","South Korea",129,"Female",1999,"60-69 years"
"Asia","South Korea",111,"Female",1999,"60-69 years"
"Asia","South Korea",368,"Male",1999,"60-69 years"
"Asia","South Korea",256,"Male",1999,"60-69 years"
"Asia","South Korea",125,"Female",2000,"60-69 years"
"Asia","South Korea",118,"Female",2000,"60-69 years"
"Asia","South Korea",339,"Male",2000,"60-69 years"
"Asia","South Korea",225,"Male",2000,"60-69 years"
"Asia","South Korea",128,"Female",2001,"60-69 years"
"Asia","South Korea",140,"Female",2001,"60-69 years"
"Asia","South Korea",410,"Male",2001,"60-69 years"
"Asia","South Korea",315,"Male",2001,"60-69 years"
"Asia","South Korea",167,"Female",2002,"60-69 years"
"Asia","South Korea",162,"Female",2002,"60-69 years"
"Asia","South Korea",515,"Male",2002,"60-69 years"
"Asia","South Korea",374,"Male",2002,"60-69 years"
"Asia","South Korea",186,"Female",2003,"60-69 years"
"Asia","South Korea",258,"Female",2003,"60-69 years"
"Asia","South Korea",669,"Male",2003,"60-69 years"
"Asia","South Korea",624,"Male",2003,"60-69 years"
"Asia","South Korea",208,"Female",2004,"60-69 years"
"Asia","South Korea",257,"Female",2004,"60-69 years"
"Asia","South Korea",723,"Male",2004,"60-69 years"
"Asia","South Korea",691,"Male",2004,"60-69 years"
"Asia","South Korea",238,"Female",2005,"60-69 years"
"Asia","South Korea",280,"Female",2005,"60-69 years"
"Asia","South Korea",718,"Male",2005,"60-69 years"
"Asia","South Korea",772,"Male",2005,"60-69 years"
"Asia","South Korea",192,"Female",2006,"60-69 years"
"Asia","South Korea",267,"Female",2006,"60-69 years"
"Asia","South Korea",620,"Male",2006,"60-69 years"
"Asia","South Korea",661,"Male",2006,"60-69 years"
"Asia","South Korea",215,"Female",2007,"60-69 years"
"Asia","South Korea",285,"Female",2007,"60-69 years"
"Asia","South Korea",600,"Male",2007,"60-69 years"
"Asia","South Korea",717,"Male",2007,"60-69 years"
"Asia","South Korea",203,"Female",2008,"60-69 years"
"Asia","South Korea",280,"Female",2008,"60-69 years"
"Asia","South Korea",600,"Male",2008,"60-69 years"
"Asia","South Korea",762,"Male",2008,"60-69 years"
"Asia","South Korea",244,"Female",2009,"60-69 years"
"Asia","South Korea",302,"Female",2009,"60-69 years"
"Asia","South Korea",738,"Male",2009,"60-69 years"
"Asia","South Korea",792,"Male",2009,"60-69 years"
"Asia","South Korea",243,"Female",2010,"60-69 years"
"Asia","South Korea",327,"Female",2010,"60-69 years"
"Asia","South Korea",770,"Male",2010,"60-69 years"
"Asia","South Korea",816,"Male",2010,"60-69 years"
"Asia","South Korea",253,"Female",2011,"60-69 years"
"Asia","South Korea",275,"Female",2011,"60-69 years"
"Asia","South Korea",809,"Male",2011,"60-69 years"
"Asia","South Korea",744,"Male",2011,"60-69 years"
"Asia","South Korea",209,"Female",2012,"60-69 years"
"Asia","South Korea",228,"Female",2012,"60-69 years"
"Asia","South Korea",722,"Male",2012,"60-69 years"
"Asia","South Korea",631,"Male",2012,"60-69 years"
"Asia","South Korea",212,"Female",2013,"60-69 years"
"Asia","South Korea",202,"Female",2013,"60-69 years"
"Asia","South Korea",746,"Male",2013,"60-69 years"
"Asia","South Korea",608,"Male",2013,"60-69 years"
"Asia","South Korea",197,"Female",2014,"60-69 years"
"Asia","South Korea",189,"Female",2014,"60-69 years"
"Asia","South Korea",729,"Male",2014,"60-69 years"
"Asia","South Korea",584,"Male",2014,"60-69 years"
"Asia","South Korea",232,"Female",2015,"60-69 years"
"Asia","South Korea",200,"Female",2015,"60-69 years"
"Asia","South Korea",764,"Male",2015,"60-69 years"
"Asia","South Korea",582,"Male",2015,"60-69 years"
"Asia","South Korea",201,"Female",2016,"60-69 years"
"Asia","South Korea",187,"Female",2016,"60-69 years"
"Asia","South Korea",793,"Male",2016,"60-69 years"
"Asia","South Korea",602,"Male",2016,"60-69 years"
"Asia","South Korea",210,"Female",2017,"60-69 years"
"Asia","South Korea",169,"Female",2017,"60-69 years"
"Asia","South Korea",730,"Male",2017,"60-69 years"
"Asia","South Korea",532,"Male",2017,"60-69 years"
"Asia","South Korea",232,"Female",2018,"60-69 years"
"Asia","South Korea",167,"Female",2018,"60-69 years"
"Asia","South Korea",866,"Male",2018,"60-69 years"
"Asia","South Korea",615,"Male",2018,"60-69 years"
"Asia","South Korea",255,"Female",2019,"60-69 years"
"Asia","South Korea",178,"Female",2019,"60-69 years"
"Asia","South Korea",993,"Male",2019,"60-69 years"
"Asia","South Korea",609,"Male",2019,"60-69 years"
"Asia","South Korea",309,"Female",2020,"60-69 years"
"Asia","South Korea",219,"Female",2020,"60-69 years"
"Asia","South Korea",822,"Male",2020,"60-69 years"
"Asia","South Korea",588,"Male",2020,"60-69 years"
"Asia","South Korea",40,"Female",1985,"70-79 years"
"Asia","South Korea",22,"Female",1985,"70-79 years"
"Asia","South Korea",43,"Male",1985,"70-79 years"
"Asia","South Korea",26,"Male",1985,"70-79 years"
"Asia","South Korea",34,"Female",1986,"70-79 years"
"Asia","South Korea",15,"Female",1986,"70-79 years"
"Asia","South Korea",61,"Male",1986,"70-79 years"
"Asia","South Korea",40,"Male",1986,"70-79 years"
"Asia","South Korea",24,"Female",1987,"70-79 years"
"Asia","South Korea",17,"Female",1987,"70-79 years"
"Asia","South Korea",64,"Male",1987,"70-79 years"
"Asia","South Korea",30,"Male",1987,"70-79 years"
"Asia","South Korea",28,"Female",1988,"70-79 years"
"Asia","South Korea",29,"Female",1988,"70-79 years"
"Asia","South Korea",51,"Male",1988,"70-79 years"
"Asia","South Korea",31,"Male",1988,"70-79 years"
"Asia","South Korea",34,"Female",1989,"70-79 years"
"Asia","South Korea",26,"Female",1989,"70-79 years"
"Asia","South Korea",50,"Male",1989,"70-79 years"
"Asia","South Korea",38,"Male",1989,"70-79 years"
"Asia","South Korea",25,"Female",1990,"70-79 years"
"Asia","South Korea",26,"Female",1990,"70-79 years"
"Asia","South Korea",52,"Male",1990,"70-79 years"
"Asia","South Korea",24,"Male",1990,"70-79 years"
"Asia","South Korea",34,"Female",1991,"70-79 years"
"Asia","South Korea",29,"Female",1991,"70-79 years"
"Asia","South Korea",58,"Male",1991,"70-79 years"
"Asia","South Korea",36,"Male",1991,"70-79 years"
"Asia","South Korea",39,"Female",1992,"70-79 years"
"Asia","South Korea",34,"Female",1992,"70-79 years"
"Asia","South Korea",74,"Male",1992,"70-79 years"
"Asia","South Korea",33,"Male",1992,"70-79 years"
"Asia","South Korea",39,"Female",1993,"70-79 years"
"Asia","South Korea",43,"Female",1993,"70-79 years"
"Asia","South Korea",89,"Male",1993,"70-79 years"
"Asia","South Korea",51,"Male",1993,"70-79 years"
"Asia","South Korea",56,"Female",1994,"70-79 years"
"Asia","South Korea",47,"Female",1994,"70-79 years"
"Asia","South Korea",92,"Male",1994,"70-79 years"
"Asia","South Korea",49,"Male",1994,"70-79 years"
"Asia","South Korea",78,"Female",1995,"70-79 years"
"Asia","South Korea",114,"Female",1995,"70-79 years"
"Asia","South Korea",105,"Male",1995,"70-79 years"
"Asia","South Korea",125,"Male",1995,"70-79 years"
"Asia","South Korea",88,"Female",1996,"70-79 years"
"Asia","South Korea",153,"Female",1996,"70-79 years"
"Asia","South Korea",136,"Male",1996,"70-79 years"
"Asia","South Korea",168,"Male",1996,"70-79 years"
"Asia","South Korea",79,"Female",1997,"70-79 years"
"Asia","South Korea",79,"Female",1997,"70-79 years"
"Asia","South Korea",156,"Male",1997,"70-79 years"
"Asia","South Korea",123,"Male",1997,"70-79 years"
"Asia","South Korea",117,"Female",1998,"70-79 years"
"Asia","South Korea",114,"Female",1998,"70-79 years"
"Asia","South Korea",176,"Male",1998,"70-79 years"
"Asia","South Korea",145,"Male",1998,"70-79 years"
"Asia","South Korea",109,"Female",1999,"70-79 years"
"Asia","South Korea",96,"Female",1999,"70-79 years"
"Asia","South Korea",201,"Male",1999,"70-79 years"
"Asia","South Korea",144,"Male",1999,"70-79 years"
"Asia","South Korea",133,"Female",2000,"70-79 years"
"Asia","South Korea",111,"Female",2000,"70-79 years"
"Asia","South Korea",173,"Male",2000,"70-79 years"
"Asia","South Korea",164,"Male",2000,"70-79 years"
"Asia","South Korea",148,"Female",2001,"70-79 years"
"Asia","South Korea",145,"Female",2001,"70-79 years"
"Asia","South Korea",221,"Male",2001,"70-79 years"
"Asia","South Korea",168,"Male",2001,"70-79 years"
"Asia","South Korea",219,"Female",2002,"70-79 years"
"Asia","South Korea",205,"Female",2002,"70-79 years"
"Asia","South Korea",296,"Male",2002,"70-79 years"
"Asia","South Korea",244,"Male",2002,"70-79 years"
"Asia","South Korea",244,"Female",2003,"70-79 years"
"Asia","South Korea",280,"Female",2003,"70-79 years"
"Asia","South Korea",364,"Male",2003,"70-79 years"
"Asia","South Korea",322,"Male",2003,"70-79 years"
"Asia","South Korea",316,"Female",2004,"70-79 years"
"Asia","South Korea",286,"Female",2004,"70-79 years"
"Asia","South Korea",497,"Male",2004,"70-79 years"
"Asia","South Korea",350,"Male",2004,"70-79 years"
"Asia","South Korea",290,"Female",2005,"70-79 years"
"Asia","South Korea",266,"Female",2005,"70-79 years"
"Asia","South Korea",580,"Male",2005,"70-79 years"
"Asia","South Korea",386,"Male",2005,"70-79 years"
"Asia","South Korea",284,"Female",2006,"70-79 years"
"Asia","South Korea",299,"Female",2006,"70-79 years"
"Asia","South Korea",571,"Male",2006,"70-79 years"
"Asia","South Korea",345,"Male",2006,"70-79 years"
"Asia","South Korea",311,"Female",2007,"70-79 years"
"Asia","South Korea",324,"Female",2007,"70-79 years"
"Asia","South Korea",632,"Male",2007,"70-79 years"
"Asia","South Korea",421,"Male",2007,"70-79 years"
"Asia","South Korea",295,"Female",2008,"70-79 years"
"Asia","South Korea",310,"Female",2008,"70-79 years"
"Asia","South Korea",641,"Male",2008,"70-79 years"
"Asia","South Korea",387,"Male",2008,"70-79 years"
"Asia","South Korea",345,"Female",2009,"70-79 years"
"Asia","South Korea",363,"Female",2009,"70-79 years"
"Asia","South Korea",706,"Male",2009,"70-79 years"
"Asia","South Korea",485,"Male",2009,"70-79 years"
"Asia","South Korea",354,"Female",2010,"70-79 years"
"Asia","South Korea",377,"Female",2010,"70-79 years"
"Asia","South Korea",816,"Male",2010,"70-79 years"
"Asia","South Korea",570,"Male",2010,"70-79 years"
"Asia","South Korea",341,"Female",2011,"70-79 years"
"Asia","South Korea",345,"Female",2011,"70-79 years"
"Asia","South Korea",876,"Male",2011,"70-79 years"
"Asia","South Korea",693,"Male",2011,"70-79 years"
"Asia","South Korea",363,"Female",2012,"70-79 years"
"Asia","South Korea",349,"Female",2012,"70-79 years"
"Asia","South Korea",777,"Male",2012,"70-79 years"
"Asia","South Korea",592,"Male",2012,"70-79 years"
"Asia","South Korea",302,"Female",2013,"70-79 years"
"Asia","South Korea",312,"Female",2013,"70-79 years"
"Asia","South Korea",752,"Male",2013,"70-79 years"
"Asia","South Korea",638,"Male",2013,"70-79 years"
"Asia","South Korea",282,"Female",2014,"70-79 years"
"Asia","South Korea",288,"Female",2014,"70-79 years"
"Asia","South Korea",631,"Male",2014,"70-79 years"
"Asia","South Korea",574,"Male",2014,"70-79 years"
"Asia","South Korea",272,"Female",2015,"70-79 years"
"Asia","South Korea",287,"Female",2015,"70-79 years"
"Asia","South Korea",704,"Male",2015,"70-79 years"
"Asia","South Korea",694,"Male",2015,"70-79 years"
"Asia","South Korea",239,"Female",2016,"70-79 years"
"Asia","South Korea",239,"Female",2016,"70-79 years"
"Asia","South Korea",617,"Male",2016,"70-79 years"
"Asia","South Korea",620,"Male",2016,"70-79 years"
"Asia","South Korea",192,"Female",2017,"70-79 years"
"Asia","South Korea",240,"Female",2017,"70-79 years"
"Asia","South Korea",543,"Male",2017,"70-79 years"
"Asia","South Korea",623,"Male",2017,"70-79 years"
"Asia","South Korea",185,"Female",2018,"70-79 years"
"Asia","South Korea",233,"Female",2018,"70-79 years"
"Asia","South Korea",539,"Male",2018,"70-79 years"
"Asia","South Korea",707,"Male",2018,"70-79 years"
"Asia","South Korea",205,"Female",2019,"70-79 years"
"Asia","South Korea",252,"Female",2019,"70-79 years"
"Asia","South Korea",556,"Male",2019,"70-79 years"
"Asia","South Korea",607,"Male",2019,"70-79 years"
"Asia","South Korea",163,"Female",2020,"70-79 years"
"Asia","South Korea",193,"Female",2020,"70-79 years"
"Asia","South Korea",522,"Male",2020,"70-79 years"
"Asia","South Korea",520,"Male",2020,"70-79 years"
"Asia","South Korea",11,"Female",1985,"80-89 years"
"Asia","South Korea",11,"Male",1985,"80-89 years"
"Asia","South Korea",5,"Female",1986,"80-89 years"
"Asia","South Korea",15,"Male",1986,"80-89 years"
"Asia","South Korea",6,"Female",1987,"80-89 years"
"Asia","South Korea",6,"Male",1987,"80-89 years"
"Asia","South Korea",12,"Female",1988,"80-89 years"
"Asia","South Korea",11,"Male",1988,"80-89 years"
"Asia","South Korea",13,"Female",1989,"80-89 years"
"Asia","South Korea",15,"Male",1989,"80-89 years"
"Asia","South Korea",17,"Female",1990,"80-89 years"
"Asia","South Korea",22,"Male",1990,"80-89 years"
"Asia","South Korea",16,"Female",1991,"80-89 years"
"Asia","South Korea",14,"Male",1991,"80-89 years"
"Asia","South Korea",17,"Female",1992,"80-89 years"
"Asia","South Korea",14,"Male",1992,"80-89 years"
"Asia","South Korea",33,"Female",1993,"80-89 years"
"Asia","South Korea",26,"Male",1993,"80-89 years"
"Asia","South Korea",28,"Female",1994,"80-89 years"
"Asia","South Korea",38,"Male",1994,"80-89 years"
"Asia","South Korea",0,"Female",1995,"80-89 years"
"Asia","South Korea",0,"Male",1995,"80-89 years"
"Asia","South Korea",0,"Female",1996,"80-89 years"
"Asia","South Korea",0,"Male",1996,"80-89 years"
"Asia","South Korea",53,"Female",1997,"80-89 years"
"Asia","South Korea",44,"Male",1997,"80-89 years"
"Asia","South Korea",73,"Female",1998,"80-89 years"
"Asia","South Korea",82,"Male",1998,"80-89 years"
"Asia","South Korea",61,"Female",1999,"80-89 years"
"Asia","South Korea",76,"Male",1999,"80-89 years"
"Asia","South Korea",78,"Female",2000,"80-89 years"
"Asia","South Korea",85,"Male",2000,"80-89 years"
"Asia","South Korea",102,"Female",2001,"80-89 years"
"Asia","South Korea",110,"Male",2001,"80-89 years"
"Asia","South Korea",170,"Female",2002,"80-89 years"
"Asia","South Korea",159,"Male",2002,"80-89 years"
"Asia","South Korea",202,"Female",2003,"80-89 years"
"Asia","South Korea",210,"Male",2003,"80-89 years"
"Asia","South Korea",244,"Female",2004,"80-89 years"
"Asia","South Korea",262,"Male",2004,"80-89 years"
"Asia","South Korea",268,"Female",2005,"80-89 years"
"Asia","South Korea",265,"Male",2005,"80-89 years"
"Asia","South Korea",254,"Female",2006,"80-89 years"
"Asia","South Korea",240,"Male",2006,"80-89 years"
"Asia","South Korea",242,"Female",2007,"80-89 years"
"Asia","South Korea",252,"Male",2007,"80-89 years"
"Asia","South Korea",251,"Female",2008,"80-89 years"
"Asia","South Korea",268,"Male",2008,"80-89 years"
"Asia","South Korea",282,"Female",2009,"80-89 years"
"Asia","South Korea",319,"Male",2009,"80-89 years"
"Asia","South Korea",287,"Female",2010,"80-89 years"
"Asia","South Korea",334,"Male",2010,"80-89 years"
"Asia","South Korea",293,"Female",2011,"80-89 years"
"Asia","South Korea",359,"Male",2011,"80-89 years"
"Asia","South Korea",293,"Female",2012,"80-89 years"
"Asia","South Korea",311,"Male",2012,"80-89 years"
"Asia","South Korea",256,"Female",2013,"80-89 years"
"Asia","South Korea",312,"Male",2013,"80-89 years"
"Asia","South Korea",229,"Female",2014,"80-89 years"
"Asia","South Korea",319,"Male",2014,"80-89 years"
"Asia","South Korea",248,"Female",2015,"80-89 years"
"Asia","South Korea",399,"Male",2015,"80-89 years"
"Asia","South Korea",220,"Female",2016,"80-89 years"
"Asia","South Korea",408,"Male",2016,"80-89 years"
"Asia","South Korea",202,"Female",2017,"80-89 years"
"Asia","South Korea",436,"Male",2017,"80-89 years"
"Asia","South Korea",212,"Female",2018,"80-89 years"
"Asia","South Korea",489,"Male",2018,"80-89 years"
"Asia","South Korea",217,"Female",2019,"80-89 years"
"Asia","South Korea",479,"Male",2019,"80-89 years"
"Asia","South Korea",233,"Female",2020,"80-89 years"
"Asia","South Korea",457,"Male",2020,"80-89 years"
"Asia","South Korea",5,"Female",1985,"85+ years"
"Asia","South Korea",5,"Male",1985,"85+ years"
"Asia","South Korea",10,"Female",1986,"85+ years"
"Asia","South Korea",4,"Male",1986,"85+ years"
"Asia","South Korea",7,"Female",1987,"85+ years"
"Asia","South Korea",8,"Male",1987,"85+ years"
"Asia","South Korea",6,"Female",1988,"85+ years"
"Asia","South Korea",2,"Male",1988,"85+ years"
"Asia","South Korea",7,"Female",1989,"85+ years"
"Asia","South Korea",6,"Male",1989,"85+ years"
"Asia","South Korea",9,"Female",1990,"85+ years"
"Asia","South Korea",7,"Male",1990,"85+ years"
"Asia","South Korea",11,"Female",1991,"85+ years"
"Asia","South Korea",5,"Male",1991,"85+ years"
"Asia","South Korea",9,"Female",1992,"85+ years"
"Asia","South Korea",9,"Male",1992,"85+ years"
"Asia","South Korea",15,"Female",1993,"85+ years"
"Asia","South Korea",14,"Male",1993,"85+ years"
"Asia","South Korea",18,"Female",1994,"85+ years"
"Asia","South Korea",18,"Male",1994,"85+ years"
"Asia","South Korea",0,"Female",1995,"85+ years"
"Asia","South Korea",0,"Male",1995,"85+ years"
"Asia","South Korea",0,"Female",1996,"85+ years"
"Asia","South Korea",0,"Male",1996,"85+ years"
"Asia","South Korea",42,"Female",1997,"85+ years"
"Asia","South Korea",33,"Male",1997,"85+ years"
"Asia","South Korea",47,"Female",1998,"85+ years"
"Asia","South Korea",33,"Male",1998,"85+ years"
"Asia","South Korea",57,"Female",1999,"85+ years"
"Asia","South Korea",32,"Male",1999,"85+ years"
"Asia","South Korea",55,"Female",2000,"85+ years"
"Asia","South Korea",39,"Male",2000,"85+ years"
"Asia","South Korea",61,"Female",2001,"85+ years"
"Asia","South Korea",54,"Male",2001,"85+ years"
"Asia","South Korea",118,"Female",2002,"85+ years"
"Asia","South Korea",89,"Male",2002,"85+ years"
"Asia","South Korea",120,"Female",2003,"85+ years"
"Asia","South Korea",147,"Male",2003,"85+ years"
"Asia","South Korea",167,"Female",2004,"85+ years"
"Asia","South Korea",114,"Male",2004,"85+ years"
"Asia","South Korea",175,"Female",2005,"85+ years"
"Asia","South Korea",135,"Male",2005,"85+ years"
"Asia","South Korea",159,"Female",2006,"85+ years"
"Asia","South Korea",137,"Male",2006,"85+ years"
"Asia","South Korea",184,"Female",2007,"85+ years"
"Asia","South Korea",189,"Male",2007,"85+ years"
"Asia","South Korea",194,"Female",2008,"85+ years"
"Asia","South Korea",173,"Male",2008,"85+ years"
"Asia","South Korea",276,"Female",2009,"85+ years"
"Asia","South Korea",202,"Male",2009,"85+ years"
"Asia","South Korea",250,"Female",2010,"85+ years"
"Asia","South Korea",248,"Male",2010,"85+ years"
"Asia","South Korea",256,"Female",2011,"85+ years"
"Asia","South Korea",224,"Male",2011,"85+ years"
"Asia","South Korea",245,"Female",2012,"85+ years"
"Asia","South Korea",235,"Male",2012,"85+ years"
"Asia","South Korea",249,"Female",2013,"85+ years"
"Asia","South Korea",241,"Male",2013,"85+ years"
"Asia","South Korea",204,"Female",2014,"85+ years"
"Asia","South Korea",197,"Male",2014,"85+ years"
"Asia","South Korea",215,"Female",2015,"85+ years"
"Asia","South Korea",236,"Male",2015,"85+ years"
"Asia","South Korea",229,"Female",2016,"85+ years"
"Asia","South Korea",254,"Male",2016,"85+ years"
"Asia","South Korea",203,"Female",2017,"85+ years"
"Asia","South Korea",232,"Male",2017,"85+ years"
"Asia","South Korea",206,"Female",2018,"85+ years"
"Asia","South Korea",241,"Male",2018,"85+ years"
"Asia","South Korea",206,"Female",2019,"85+ years"
"Asia","South Korea",291,"Male",2019,"85+ years"
"Asia","South Korea",213,"Female",2020,"85+ years"
"Asia","South Korea",284,"Male",2020,"85+ years"
"Asia","South Korea",0,"Female",1985,"Unknown Age"
"Asia","South Korea",0,"Male",1985,"Unknown Age"
"Asia","South Korea",0,"Female",1986,"Unknown Age"
"Asia","South Korea",0,"Male",1986,"Unknown Age"
"Asia","South Korea",0,"Female",1987,"Unknown Age"
"Asia","South Korea",0,"Male",1987,"Unknown Age"
"Asia","South Korea",0,"Female",1988,"Unknown Age"
"Asia","South Korea",0,"Male",1988,"Unknown Age"
"Asia","South Korea",0,"Female",1989,"Unknown Age"
"Asia","South Korea",0,"Male",1989,"Unknown Age"
"Asia","South Korea",0,"Female",1990,"Unknown Age"
"Asia","South Korea",0,"Male",1990,"Unknown Age"
"Asia","South Korea",0,"Female",1991,"Unknown Age"
"Asia","South Korea",0,"Male",1991,"Unknown Age"
"Asia","South Korea",0,"Female",1992,"Unknown Age"
"Asia","South Korea",0,"Male",1992,"Unknown Age"
"Asia","South Korea",0,"Female",1993,"Unknown Age"
"Asia","South Korea",0,"Male",1993,"Unknown Age"
"Asia","South Korea",0,"Female",1994,"Unknown Age"
"Asia","South Korea",0,"Male",1994,"Unknown Age"
"Asia","South Korea",0,"Female",1995,"Unknown Age"
"Asia","South Korea",0,"Male",1995,"Unknown Age"
"Asia","South Korea",0,"Female",1996,"Unknown Age"
"Asia","South Korea",0,"Male",1996,"Unknown Age"
"Asia","South Korea",0,"Female",1997,"Unknown Age"
"Asia","South Korea",0,"Male",1997,"Unknown Age"
"Asia","South Korea",0,"Female",1998,"Unknown Age"
"Asia","South Korea",1,"Male",1998,"Unknown Age"
"Asia","South Korea",0,"Female",1999,"Unknown Age"
"Asia","South Korea",0,"Male",1999,"Unknown Age"
"Asia","South Korea",0,"Female",2000,"Unknown Age"
"Asia","South Korea",0,"Male",2000,"Unknown Age"
"Asia","South Korea",0,"Female",2001,"Unknown Age"
"Asia","South Korea",0,"Male",2001,"Unknown Age"
"Asia","South Korea",0,"Female",2002,"Unknown Age"
"Asia","South Korea",1,"Male",2002,"Unknown Age"
"Asia","South Korea",0,"Female",2003,"Unknown Age"
"Asia","South Korea",0,"Male",2003,"Unknown Age"
"Asia","South Korea",0,"Female",2004,"Unknown Age"
"Asia","South Korea",0,"Male",2004,"Unknown Age"
"Asia","South Korea",0,"Female",2005,"Unknown Age"
"Asia","South Korea",0,"Male",2005,"Unknown Age"
"Asia","South Korea",0,"Female",2006,"Unknown Age"
"Asia","South Korea",0,"Male",2006,"Unknown Age"
"Asia","South Korea",0,"Female",2007,"Unknown Age"
"Asia","South Korea",1,"Male",2007,"Unknown Age"
"Asia","South Korea",0,"Female",2008,"Unknown Age"
"Asia","South Korea",0,"Male",2008,"Unknown Age"
"Asia","South Korea",1,"Female",2009,"Unknown Age"
"Asia","South Korea",9,"Male",2009,"Unknown Age"
"Asia","South Korea",0,"Female",2010,"Unknown Age"
"Asia","South Korea",8,"Male",2010,"Unknown Age"
"Asia","South Korea",0,"Female",2011,"Unknown Age"
"Asia","South Korea",0,"Male",2011,"Unknown Age"
"Asia","South Korea",0,"Female",2012,"Unknown Age"
"Asia","South Korea",1,"Male",2012,"Unknown Age"
"Asia","South Korea",0,"Female",2013,"Unknown Age"
"Asia","South Korea",1,"Male",2013,"Unknown Age"
"Asia","South Korea",1,"Female",2014,"Unknown Age"
"Asia","South Korea",1,"Male",2014,"Unknown Age"
"Asia","South Korea",0,"Female",2015,"Unknown Age"
"Asia","South Korea",3,"Male",2015,"Unknown Age"
"Asia","South Korea",0,"Female",2016,"Unknown Age"
"Asia","South Korea",0,"Male",2016,"Unknown Age"
"Asia","South Korea",1,"Female",2017,"Unknown Age"
"Asia","South Korea",1,"Male",2017,"Unknown Age"
"Asia","South Korea",0,"Female",2018,"Unknown Age"
"Asia","South Korea",0,"Male",2018,"Unknown Age"
"Asia","South Korea",0,"Female",2019,"Unknown Age"
"Asia","South Korea",6,"Male",2019,"Unknown Age"
"Asia","South Korea",0,"Female",2020,"Unknown Age"
"Asia","South Korea",0,"Male",2020,"Unknown Age"
